Navn;Stasjon;Tid(norsk normaltid);Middeltemperatur (mnd);Nedbør (mnd)
Jostedalen - Mjølversgrendi;SN55430;12.2020;-0,5;157,3
Jostedalen - Mjølversgrendi;SN55430;01.2021;-7,7;66,3
Jostedalen - Mjølversgrendi;SN55430;02.2021;-6,6;83,2
Jostedalen - Mjølversgrendi;SN55430;03.2021;1,6;84,5
Jostedalen - Mjølversgrendi;SN55430;04.2021;2,3;68,4
Jostedalen - Mjølversgrendi;SN55430;05.2021;9,7;29,9
Jostedalen - Mjølversgrendi;SN55430;06.2021;14,1;78,6
Jostedalen - Mjølversgrendi;SN55430;07.2021;16,9;59,9
Jostedalen - Mjølversgrendi;SN55430;08.2021;14;-
Jostedalen - Mjølversgrendi;SN55430;09.2021;10,8;100,8
Jostedalen - Mjølversgrendi;SN55430;10.2021;5,5;329,8
Jostedalen - Mjølversgrendi;SN55430;11.2021;0,5;122
Jostedalen - Mjølversgrendi;SN55430;12.2021;-4,6;99,7
Jostedalen - Mjølversgrendi;SN55430;01.2022;-1;-
Jostedalen - Mjølversgrendi;SN55430;02.2022;-1,9;-
Jostedalen - Mjølversgrendi;SN55430;03.2022;0,7;-
Jostedalen - Mjølversgrendi;SN55430;04.2022;3,4;-
Jostedalen - Mjølversgrendi;SN55430;05.2022;7,7;-
Jostedalen - Mjølversgrendi;SN55430;06.2022;13,5;63,7
Jostedalen - Mjølversgrendi;SN55430;07.2022;13,2;73,8
Jostedalen - Mjølversgrendi;SN55430;08.2022;12,7;114,9
Jostedalen - Mjølversgrendi;SN55430;09.2022;9,2;66,6
Jostedalen - Mjølversgrendi;SN55430;10.2022;5,7;168,6
Jostedalen - Mjølversgrendi;SN55430;11.2022;2,3;196,7
Jostedalen - Mjølversgrendi;SN55430;12.2022;-6,8;131
Jostedalen - Mjølversgrendi;SN55430;01.2023;-3,5;207,7
Jostedalen - Mjølversgrendi;SN55430;02.2023;-1,3;161,2
Jostedalen - Mjølversgrendi;SN55430;03.2023;-3,8;92,7
Jostedalen - Mjølversgrendi;SN55430;04.2023;3,3;45,4
Jostedalen - Mjølversgrendi;SN55430;05.2023;7,1;46,9
Jostedalen - Mjølversgrendi;SN55430;06.2023;15,3;20
Jostedalen - Mjølversgrendi;SN55430;07.2023;13,9;83,9
Jostedalen - Mjølversgrendi;SN55430;08.2023;13,2;115,4
Jostedalen - Mjølversgrendi;SN55430;09.2023;10,3;229,3
Jostedalen - Mjølversgrendi;SN55430;10.2023;2,1;162,5
Jostedalen - Mjølversgrendi;SN55430;11.2023;-3,3;58,8
Jostedalen - Mjølversgrendi;SN55430;12.2023;-6,3;133,9
Jostedalen - Mjølversgrendi;SN55430;01.2024;-7,1;171,4
Jostedalen - Mjølversgrendi;SN55430;02.2024;-2,4;157,8
Jostedalen - Mjølversgrendi;SN55430;03.2024;1,3;104,4
Jostedalen - Mjølversgrendi;SN55430;04.2024;3,4;80,9
Jostedalen - Mjølversgrendi;SN55430;05.2024;13;25,4
Jostedalen - Mjølversgrendi;SN55430;06.2024;12,2;65,5
Jostedalen - Mjølversgrendi;SN55430;07.2024;14,3;97,5
Jostedalen - Mjølversgrendi;SN55430;08.2024;12,3;228
Jostedalen - Mjølversgrendi;SN55430;09.2024;10,1;149,7
Jostedalen - Mjølversgrendi;SN55430;10.2024;5,2;217,1
Jostedalen - Mjølversgrendi;SN55430;11.2024;-0,6;171,8
Jostedalen - Mjølversgrendi;SN55430;12.2024;-1,7;258,5
Jostedalen - Mjølversgrendi;SN55430;01.2025;-3,9;135,8
Jostedalen - Mjølversgrendi;SN55430;02.2025;-3,1;91,6
Jostedalen - Mjølversgrendi;SN55430;03.2025;2,1;196,2
Jostedalen - Mjølversgrendi;SN55430;04.2025;6,4;64,9
Jostedalen - Mjølversgrendi;SN55430;05.2025;9,7;69,9
Jostedalen - Mjølversgrendi;SN55430;06.2025;11,5;91,7
Jostedalen - Mjølversgrendi;SN55430;07.2025;17,9;32,6
Jostedalen - Mjølversgrendi;SN55430;08.2025;12,5;115,5
Jostedalen - Breheimsenteret;SN55420;11.2015;0,8;-
Jostedalen - Breheimsenteret;SN55420;12.2015;-1,5;329,5
Jostedalen - Breheimsenteret;SN55420;01.2016;-8,6;146,4
Jostedalen - Breheimsenteret;SN55420;02.2016;-4;122,6
Jostedalen - Breheimsenteret;SN55420;03.2016;-0,5;66,2
Jostedalen - Breheimsenteret;SN55420;04.2016;2,3;37,1
Jostedalen - Breheimsenteret;SN55420;05.2016;8,5;54,5
Jostedalen - Breheimsenteret;SN55420;06.2016;13,3;58,6
Jostedalen - Breheimsenteret;SN55420;07.2016;13,2;118,2
Jostedalen - Breheimsenteret;SN55420;08.2016;11,7;119,2
Jostedalen - Breheimsenteret;SN55420;09.2016;10,7;141,1
Jostedalen - Breheimsenteret;SN55420;10.2016;1,5;80,9
Jostedalen - Breheimsenteret;SN55420;11.2016;-3,3;125,4
Jostedalen - Breheimsenteret;SN55420;12.2016;-0,3;245,6
Jostedalen - Breheimsenteret;SN55420;01.2017;-3,3;134,9
Jostedalen - Breheimsenteret;SN55420;02.2017;-4,2;82
Jostedalen - Breheimsenteret;SN55420;03.2017;-1,2;183,6
Jostedalen - Breheimsenteret;SN55420;04.2017;2,6;148,3
Jostedalen - Breheimsenteret;SN55420;05.2017;8,6;105,4
Jostedalen - Breheimsenteret;SN55420;06.2017;11,3;211,3
Jostedalen - Breheimsenteret;SN55420;07.2017;12,7;186,1
Jostedalen - Breheimsenteret;SN55420;08.2017;11,1;132,9
Jostedalen - Breheimsenteret;SN55420;09.2017;9,2;93,4
Jostedalen - Breheimsenteret;SN55420;10.2017;3,9;212,1
Jostedalen - Breheimsenteret;SN55420;11.2017;-2;269,7
Jostedalen - Breheimsenteret;SN55420;12.2017;-4,7;171,6
Jostedalen - Breheimsenteret;SN55420;01.2018;-5,3;151,2
Jostedalen - Breheimsenteret;SN55420;02.2018;-7,2;68,3
Jostedalen - Breheimsenteret;SN55420;03.2018;-6,6;19,8
Jostedalen - Breheimsenteret;SN55420;04.2018;1,4;53,3
Jostedalen - Breheimsenteret;SN55420;05.2018;11,1;44,6
Jostedalen - Breheimsenteret;SN55420;06.2018;13,8;73,6
Jostedalen - Breheimsenteret;SN55420;07.2018;16,9;58,8
Jostedalen - Breheimsenteret;SN55420;08.2018;11,1;171,2
Jostedalen - Breheimsenteret;SN55420;09.2018;8,2;335
Jostedalen - Breheimsenteret;SN55420;10.2018;3,2;305,7
Jostedalen - Breheimsenteret;SN55420;11.2018;-1,4;92,2
Jostedalen - Breheimsenteret;SN55420;12.2018;-4,1;114,5
Jostedalen - Breheimsenteret;SN55420;01.2019;-5;124,9
Jostedalen - Breheimsenteret;SN55420;02.2019;-2;92,8
Jostedalen - Breheimsenteret;SN55420;03.2019;-0,5;159
Jostedalen - Breheimsenteret;SN55420;04.2019;3,7;14,4
Jostedalen - Breheimsenteret;SN55420;05.2019;8,1;88,9
Jostedalen - Breheimsenteret;SN55420;06.2019;12,1;102,5
Jostedalen - Breheimsenteret;SN55420;07.2019;15;82,7
Jostedalen - Breheimsenteret;SN55420;08.2019;13,2;140,9
Jostedalen - Breheimsenteret;SN55420;09.2019;7,4;169,7
Jostedalen - Breheimsenteret;SN55420;10.2019;3,5;60,1
Jostedalen - Breheimsenteret;SN55420;11.2019;-3,2;27,2
Jostedalen - Breheimsenteret;SN55420;12.2019;-1,8;217,7
Jostedalen - Breheimsenteret;SN55420;01.2020;0,6;302,1
Jostedalen - Breheimsenteret;SN55420;02.2020;-1,7;274,4
Jostedalen - Breheimsenteret;SN55420;03.2020;0;203,1
Jostedalen - Breheimsenteret;SN55420;04.2020;2,7;59,5
Jostedalen - Breheimsenteret;SN55420;05.2020;6;41,7
Jostedalen - Breheimsenteret;SN55420;06.2020;15,1;51
Jostedalen - Breheimsenteret;SN55420;07.2020;11,7;81,7
Jostedalen - Breheimsenteret;SN55420;08.2020;12,9;94,9
Jostedalen - Breheimsenteret;SN55420;09.2020;8,8;149,7
Jostedalen - Breheimsenteret;SN55420;10.2020;4;88,7
Spørteggbu;SN55425;06.2017;2,4;-
Spørteggbu;SN55425;07.2017;4,6;-
Spørteggbu;SN55425;08.2017;4;-
Spørteggbu;SN55425;09.2017;2,5;-
Spørteggbu;SN55425;10.2017;-2,2;-
Spørteggbu;SN55425;11.2017;-7;-
Spørteggbu;SN55425;12.2017;-7,7;-
Spørteggbu;SN55425;01.2018;-8,9;-
Spørteggbu;SN55425;02.2018;-10,6;-
Spørteggbu;SN55425;03.2018;-10,7;-
Spørteggbu;SN55425;04.2018;-3,3;-
Spørteggbu;SN55425;05.2018;4,9;-
Spørteggbu;SN55425;06.2018;5,5;-
Spørteggbu;SN55425;07.2018;10,7;-
Spørteggbu;SN55425;08.2018;4;-
Spørteggbu;SN55425;09.2018;0,8;-
Spørteggbu;SN55425;10.2018;-2,9;-
Spørteggbu;SN55425;11.2018;-1,2;-
Spørteggbu;SN55425;12.2018;-7,4;-
Spørteggbu;SN55425;01.2019;-9,7;-
Spørteggbu;SN55425;02.2019;-6,1;-
Spørteggbu;SN55425;03.2019;-8,3;-
Spørteggbu;SN55425;04.2019;-2,5;-
Spørteggbu;SN55425;07.2019;7,6;-
Spørteggbu;SN55425;09.2019;1,1;-
Spørteggbu;SN55425;11.2019;-6,8;-
Spørteggbu;SN55425;12.2019;-6,5;-
Spørteggbu;SN55425;01.2020;-5,9;-
Spørteggbu;SN55425;03.2020;-7,4;-
Spørteggbu;SN55425;04.2020;-4,6;-
Spørteggbu;SN55425;05.2020;-4;-
Spørteggbu;SN55425;06.2020;5,8;-
Spørteggbu;SN55425;07.2020;2,6;-
Spørteggbu;SN55425;08.2020;6,4;-
Spørteggbu;SN55425;09.2020;2,1;-
Spørteggbu;SN55425;10.2020;-0,7;-
Spørteggbu;SN55425;11.2020;-3;-
Spørteggbu;SN55425;12.2020;-5,9;-
Spørteggbu;SN55425;01.2021;-10,2;-
Spørteggbu;SN55425;02.2021;-9,9;-
Spørteggbu;SN55425;03.2021;-6,7;-
Spørteggbu;SN55425;04.2021;-7,2;-
Spørteggbu;SN55425;05.2021;0,6;-
Spørteggbu;SN55425;06.2021;5,9;-
Spørteggbu;SN55425;07.2021;8,7;-
Spørteggbu;SN55425;08.2021;4,8;-
Spørteggbu;SN55425;09.2021;2,7;-
Spørteggbu;SN55425;10.2021;-0,9;-
Spørteggbu;SN55425;11.2021;-6,9;-
Spørteggbu;SN55425;12.2021;-9,4;-
Spørteggbu;SN55425;01.2022;-7,6;-
Spørteggbu;SN55425;02.2022;-8,8;-
Spørteggbu;SN55425;03.2022;-5,5;-
Spørteggbu;SN55425;04.2022;-4,5;-
Spørteggbu;SN55425;05.2022;-1;-
Spørteggbu;SN55425;06.2022;4,8;-
Spørteggbu;SN55425;07.2022;5;-
Spørteggbu;SN55425;08.2022;6;-
Spørteggbu;SN55425;09.2022;2,4;-
Spørteggbu;SN55425;10.2022;-0,7;-
Spørteggbu;SN55425;11.2022;-3,1;-
Spørteggbu;SN55425;12.2022;-10,5;-
Spørteggbu;SN55425;01.2023;-8,2;-
Spørteggbu;SN55425;02.2023;-6,8;-
Spørteggbu;SN55425;03.2023;-10,4;-
Spørteggbu;SN55425;04.2023;-3,9;-
Spørteggbu;SN55425;05.2023;-1,5;-
Spørteggbu;SN55425;06.2023;6,8;-
Spørteggbu;SN55425;07.2023;5,8;-
Spørteggbu;SN55425;08.2023;5,9;-
Spørteggbu;SN55425;09.2023;4,1;-
Spørteggbu;SN55425;10.2023;-4,4;-
Spørteggbu;SN55425;11.2023;-8,1;-
Spørteggbu;SN55425;12.2023;-9,7;-
Spørteggbu;SN55425;01.2024;-9,6;-
Spørteggbu;SN55425;02.2024;-8,6;-
Spørteggbu;SN55425;03.2024;-5,9;-
Spørteggbu;SN55425;04.2024;-5,4;-
Spørteggbu;SN55425;05.2024;5,4;-
Spørteggbu;SN55425;06.2024;3;-
Spørteggbu;SN55425;07.2024;6;-
Spørteggbu;SN55425;08.2024;5;-
Spørteggbu;SN55425;09.2024;4;-
Spørteggbu;SN55425;10.2024;-1,2;-
Spørteggbu;SN55425;11.2024;-4,5;-
Spørteggbu;SN55425;12.2024;-6,1;-
Spørteggbu;SN55425;01.2025;-7,6;-
Spørteggbu;SN55425;02.2025;-6,9;-
Spørteggbu;SN55425;03.2025;-5,7;-
Spørteggbu;SN55425;04.2025;-1,9;-
Spørteggbu;SN55425;05.2025;-0,4;-
Spørteggbu;SN55425;06.2025;2,3;-
Spørteggbu;SN55425;07.2025;9,8;-
Spørteggbu;SN55425;08.2025;4,5;-
Fjærland - Bremuseet;SN55820;01.2006;-2,9;106
Fjærland - Bremuseet;SN55820;02.2006;-1,9;85,5
Fjærland - Bremuseet;SN55820;03.2006;-4,7;41,8
Fjærland - Bremuseet;SN55820;04.2006;3,4;98,9
Fjærland - Bremuseet;SN55820;05.2006;9,9;36,1
Fjærland - Bremuseet;SN55820;06.2006;12,6;80
Fjærland - Bremuseet;SN55820;07.2006;15,9;102,7
Fjærland - Bremuseet;SN55820;08.2006;15,5;50,3
Fjærland - Bremuseet;SN55820;09.2006;11,6;135
Fjærland - Bremuseet;SN55820;10.2006;7,1;120,5
Fjærland - Bremuseet;SN55820;11.2006;3,4;383,7
Fjærland - Bremuseet;SN55820;12.2006;2,9;433,5
Fjærland - Bremuseet;SN55820;01.2007;-0,7;345,5
Fjærland - Bremuseet;SN55820;02.2007;-3,4;86,4
Fjærland - Bremuseet;SN55820;03.2007;1,9;215
Fjærland - Bremuseet;SN55820;04.2007;4,3;130,4
Fjærland - Bremuseet;SN55820;05.2007;8,6;148,7
Fjærland - Bremuseet;SN55820;06.2007;14,5;11,7
Fjærland - Bremuseet;SN55820;07.2007;14,4;137
Fjærland - Bremuseet;SN55820;08.2007;12,7;166,1
Fjærland - Bremuseet;SN55820;09.2007;7,9;251,8
Fjærland - Bremuseet;SN55820;10.2007;5,2;234
Fjærland - Bremuseet;SN55820;11.2007;-0,2;312,2
Fjærland - Bremuseet;SN55820;12.2007;-3,7;194,3
Fjærland - Bremuseet;SN55820;01.2008;0,5;305,4
Fjærland - Bremuseet;SN55820;02.2008;0;305,5
Fjærland - Bremuseet;SN55820;03.2008;-0,5;119,1
Fjærland - Bremuseet;SN55820;04.2008;4,5;94,8
Fjærland - Bremuseet;SN55820;05.2008;10,1;15,5
Fjærland - Bremuseet;SN55820;06.2008;12,2;86,8
Fjærland - Bremuseet;SN55820;07.2008;15,7;50,7
Fjærland - Bremuseet;SN55820;08.2008;13,6;78,6
Fjærland - Bremuseet;SN55820;09.2008;9,8;66,9
Fjærland - Bremuseet;SN55820;10.2008;4,8;372
Fjærland - Bremuseet;SN55820;11.2008;0,5;245,5
Fjærland - Bremuseet;SN55820;12.2008;-1,4;151,9
Fjærland - Bremuseet;SN55820;01.2009;-1,3;195,1
Fjærland - Bremuseet;SN55820;02.2009;-3,4;131,6
Fjærland - Bremuseet;SN55820;03.2009;1,6;144,7
Fjærland - Bremuseet;SN55820;04.2009;6,4;78,6
Fjærland - Bremuseet;SN55820;05.2009;9,6;147,8
Fjærland - Bremuseet;SN55820;06.2009;12,8;31,6
Fjærland - Bremuseet;SN55820;07.2009;16,1;73,7
Fjærland - Bremuseet;SN55820;08.2009;13,5;177,7
Fjærland - Bremuseet;SN55820;09.2009;9,8;353,4
Fjærland - Bremuseet;SN55820;10.2009;3,2;-
Fjærland - Bremuseet;SN55820;11.2009;2,8;155,4
Fjærland - Bremuseet;SN55820;12.2009;-3,9;26,5
Fjærland - Bremuseet;SN55820;01.2010;-10,2;43,2
Fjærland - Bremuseet;SN55820;02.2010;-8,6;16,1
Fjærland - Bremuseet;SN55820;03.2010;0,1;178,1
Fjærland - Bremuseet;SN55820;04.2010;4,4;140
Fjærland - Bremuseet;SN55820;05.2010;8,2;46,5
Fjærland - Bremuseet;SN55820;06.2010;12,4;72,9
Fjærland - Bremuseet;SN55820;07.2010;14,8;161,1
Fjærland - Bremuseet;SN55820;08.2010;14;106,4
Fjærland - Bremuseet;SN55820;09.2010;9,4;132
Fjærland - Bremuseet;SN55820;10.2010;4,5;199,6
Fjærland - Bremuseet;SN55820;11.2010;-4,2;124,5
Fjærland - Bremuseet;SN55820;12.2010;-8,8;83,4
Fjærland - Bremuseet;SN55820;01.2011;-1,8;263,8
Fjærland - Bremuseet;SN55820;02.2011;-4,7;206,7
Fjærland - Bremuseet;SN55820;03.2011;0,1;254,6
Fjærland - Bremuseet;SN55820;04.2011;3,6;144,7
Fjærland - Bremuseet;SN55820;05.2011;8,5;158,4
Fjærland - Bremuseet;SN55820;06.2011;12,2;199,5
Fjærland - Bremuseet;SN55820;07.2011;15,3;143,7
Fjærland - Bremuseet;SN55820;08.2011;13,9;88,1
Fjærland - Bremuseet;SN55820;09.2011;10,9;205,4
Fjærland - Bremuseet;SN55820;10.2011;5,8;324,9
Fjærland - Bremuseet;SN55820;11.2011;3,6;312,4
Fjærland - Bremuseet;SN55820;12.2011;-0,4;404,6
Fjærland - Bremuseet;SN55820;01.2012;-2,5;185,4
Fjærland - Bremuseet;SN55820;02.2012;-1,4;308,1
Fjærland - Bremuseet;SN55820;03.2012;2,2;216,3
Fjærland - Bremuseet;SN55820;04.2012;3;62,4
Fjærland - Bremuseet;SN55820;05.2012;9,2;43,6
Fjærland - Bremuseet;SN55820;06.2012;12,3;25,6
Fjærland - Bremuseet;SN55820;07.2012;13,8;131,7
Fjærland - Bremuseet;SN55820;08.2012;13,5;104,1
Fjærland - Bremuseet;SN55820;09.2012;8;244
Fjærland - Bremuseet;SN55820;10.2012;4,1;137,4
Fjærland - Bremuseet;SN55820;11.2012;2,2;152,5
Fjærland - Bremuseet;SN55820;12.2012;-5,9;27,9
Fjærland - Bremuseet;SN55820;01.2013;-6,5;131,3
Fjærland - Bremuseet;SN55820;02.2013;-7,2;54,4
Fjærland - Bremuseet;SN55820;03.2013;-5,1;31,5
Fjærland - Bremuseet;SN55820;04.2013;1,5;157,9
Fjærland - Bremuseet;SN55820;05.2013;10,1;110,1
Fjærland - Bremuseet;SN55820;06.2013;13,2;102,5
Fjærland - Bremuseet;SN55820;07.2013;14,6;140,9
Fjærland - Bremuseet;SN55820;08.2013;13,2;167,5
Fjærland - Bremuseet;SN55820;09.2013;10,1;87,5
Fjærland - Bremuseet;SN55820;10.2013;5,7;261,4
Fjærland - Bremuseet;SN55820;11.2013;2,3;279,6
Fjærland - Bremuseet;SN55820;12.2013;1,7;352
Fjærland - Bremuseet;SN55820;01.2014;0,3;53,6
Fjærland - Bremuseet;SN55820;02.2014;3,5;129,7
Fjærland - Bremuseet;SN55820;03.2014;3,2;241,5
Fjærland - Bremuseet;SN55820;04.2014;6,4;106,8
Fjærland - Bremuseet;SN55820;05.2014;9,9;74,6
Fjærland - Bremuseet;SN55820;06.2014;13,7;44,6
Fjærland - Bremuseet;SN55820;07.2014;17,7;101,5
Fjærland - Bremuseet;SN55820;08.2014;14,3;58,1
Fjærland - Bremuseet;SN55820;09.2014;10,5;129
Fjærland - Bremuseet;SN55820;10.2014;7,6;370,9
Fjærland - Bremuseet;SN55820;11.2014;3,1;94,4
Fjærland - Bremuseet;SN55820;12.2014;-1,3;378,2
Fjærland - Bremuseet;SN55820;01.2015;-0,8;395,7
Fjærland - Bremuseet;SN55820;02.2015;0,5;166,8
Fjærland - Bremuseet;SN55820;03.2015;1,8;247,7
Fjærland - Bremuseet;SN55820;04.2015;3,2;132,1
Fjærland - Bremuseet;SN55820;05.2015;7,2;117,4
Fjærland - Bremuseet;SN55820;06.2015;10,8;75,9
Fjærland - Bremuseet;SN55820;07.2015;12,9;69,5
Fjærland - Bremuseet;SN55820;08.2015;14;98,4
Fjærland - Bremuseet;SN55820;09.2015;10,9;74,1
Fjærland - Bremuseet;SN55820;10.2015;6;106,2
Fjærland - Bremuseet;SN55820;11.2015;2,9;381,9
Fjærland - Bremuseet;SN55820;12.2015;1,2;480,3
Fjærland - Bremuseet;SN55820;01.2016;-4,2;164,7
Fjærland - Bremuseet;SN55820;02.2016;-1,6;143,2
Fjærland - Bremuseet;SN55820;03.2016;0,8;49,3
Fjærland - Bremuseet;SN55820;04.2016;3,5;60,4
Fjærland - Bremuseet;SN55820;05.2016;9,9;-
Fjærland - Bremuseet;SN55820;06.2016;16,1;-
Fjærland - Bremuseet;SN55820;07.2016;14,1;-
Fjærland - Bremuseet;SN55820;08.2016;12,8;192,6
Fjærland - Bremuseet;SN55820;09.2016;12,1;212,4
Fjærland - Bremuseet;SN55820;10.2016;3,5;118,4
Fjærland - Bremuseet;SN55820;11.2016;-0,1;199,5
Fjærland - Bremuseet;SN55820;12.2016;1,4;413,4
Fjærland - Bremuseet;SN55820;01.2017;-1,4;194
Fjærland - Bremuseet;SN55820;02.2017;-1,1;129,6
Fjærland - Bremuseet;SN55820;03.2017;0,8;215,6
Fjærland - Bremuseet;SN55820;04.2017;4;151,3
Fjærland - Bremuseet;SN55820;05.2017;10,2;51
Fjærland - Bremuseet;SN55820;06.2017;12,4;102,3
Fjærland - Bremuseet;SN55820;07.2017;13,5;110,6
Fjærland - Bremuseet;SN55820;08.2017;12,5;80,5
Fjærland - Bremuseet;SN55820;09.2017;11,5;96,2
Fjærland - Bremuseet;SN55820;10.2017;6,3;308,5
Fjærland - Bremuseet;SN55820;11.2017;0,3;351,2
Fjærland - Bremuseet;SN55820;12.2017;-1,5;322,5
Fjærland - Bremuseet;SN55820;01.2018;-2,3;172,6
Fjærland - Bremuseet;SN55820;02.2018;-4,1;46,7
Fjærland - Bremuseet;SN55820;03.2018;-3,7;46,3
Fjærland - Bremuseet;SN55820;04.2018;3,2;57,7
Fjærland - Bremuseet;SN55820;05.2018;12,8;45,4
Fjærland - Bremuseet;SN55820;06.2018;14,1;94,8
Fjærland - Bremuseet;SN55820;07.2018;16,9;40,7
Fjærland - Bremuseet;SN55820;08.2018;12,4;234,4
Fjærland - Bremuseet;SN55820;09.2018;9,6;460,7
Fjærland - Bremuseet;SN55820;10.2018;5,2;410,5
Fjærland - Bremuseet;SN55820;11.2018;1,5;51,3
Fjærland - Bremuseet;SN55820;12.2018;-0,4;99,2
Fjærland - Bremuseet;SN55820;01.2019;-1,3;158,5
Fjærland - Bremuseet;SN55820;02.2019;-0,4;124,6
Fjærland - Bremuseet;SN55820;03.2019;1,2;201,9
Fjærland - Bremuseet;SN55820;04.2019;6,9;11,7
Fjærland - Bremuseet;SN55820;05.2019;9;56,2
Fjærland - Bremuseet;SN55820;06.2019;13;153
Fjærland - Bremuseet;SN55820;07.2019;15,4;145,3
Fjærland - Bremuseet;SN55820;08.2019;14,3;194,7
Fjærland - Bremuseet;SN55820;09.2019;8,8;261,5
Fjærland - Bremuseet;SN55820;10.2019;4,8;103,5
Fjærland - Bremuseet;SN55820;11.2019;-1,6;16,4
Fjærland - Bremuseet;SN55820;12.2019;1;287,6
Fjærland - Bremuseet;SN55820;01.2020;1,9;397,4
Fjærland - Bremuseet;SN55820;02.2020;0,7;330,6
Fjærland - Bremuseet;SN55820;03.2020;1,7;222,5
Fjærland - Bremuseet;SN55820;04.2020;4,7;142,6
Fjærland - Bremuseet;SN55820;05.2020;7,4;67,5
Fjærland - Bremuseet;SN55820;06.2020;15,9;20,2
Fjærland - Bremuseet;SN55820;07.2020;12,3;98,5
Fjærland - Bremuseet;SN55820;08.2020;13,6;135,6
Fjærland - Bremuseet;SN55820;09.2020;9,7;322,8
Fjærland - Bremuseet;SN55820;10.2020;6,3;86,3
Fjærland - Bremuseet;SN55820;11.2020;5,2;330,2
Fjærland - Bremuseet;SN55820;12.2020;2,4;94,8
Fjærland - Bremuseet;SN55820;01.2021;-6,9;52,5
Fjærland - Bremuseet;SN55820;02.2021;-7,2;103,5
Fjærland - Bremuseet;SN55820;03.2021;2,5;118,8
Fjærland - Bremuseet;SN55820;04.2021;2,9;82
Fjærland - Bremuseet;SN55820;05.2021;10,3;25
Fjærland - Bremuseet;SN55820;06.2021;14;83,2
Fjærland - Bremuseet;SN55820;07.2021;16,9;24,3
Fjærland - Bremuseet;SN55820;08.2021;13,7;25,6
Fjærland - Bremuseet;SN55820;09.2021;11,6;138,5
Fjærland - Bremuseet;SN55820;10.2021;6,9;417
Fjærland - Bremuseet;SN55820;11.2021;1,9;223,5
Fjærland - Bremuseet;SN55820;12.2021;-2,4;148,3
Fjærland - Bremuseet;SN55820;01.2022;0,1;425
Fjærland - Bremuseet;SN55820;02.2022;-0,5;342,8
Fjærland - Bremuseet;SN55820;03.2022;0,2;63,5
Fjærland - Bremuseet;SN55820;04.2022;2,9;36,8
Fjærland - Bremuseet;SN55820;05.2022;8,5;142,5
Fjærland - Bremuseet;SN55820;06.2022;13,2;107,2
Fjærland - Bremuseet;SN55820;07.2022;13,1;134,7
Fjærland - Bremuseet;SN55820;08.2022;13;159,8
Fjærland - Bremuseet;SN55820;09.2022;9,5;78,1
Fjærland - Bremuseet;SN55820;10.2022;6,5;266,5
Fjærland - Bremuseet;SN55820;11.2022;4,8;206,7
Fjærland - Bremuseet;SN55820;12.2022;-5,6;158,4
Fjærland - Bremuseet;SN55820;01.2023;-2,3;246,3
Fjærland - Bremuseet;SN55820;02.2023;-0,4;244,5
Fjærland - Bremuseet;SN55820;03.2023;-2,7;84,4
Fjærland - Bremuseet;SN55820;04.2023;4,1;16,4
Fjærland - Bremuseet;SN55820;05.2023;8,5;60,7
Fjærland - Bremuseet;SN55820;06.2023;15;35,2
Fjærland - Bremuseet;SN55820;07.2023;14,4;116,5
Fjærland - Bremuseet;SN55820;08.2023;13,9;153,5
Fjærland - Bremuseet;SN55820;09.2023;11,1;331,7
Fjærland - Bremuseet;SN55820;10.2023;3,5;313,3
Fjærland - Bremuseet;SN55820;11.2023;-2,2;72,9
Fjærland - Bremuseet;SN55820;12.2023;-5;225
Fjærland - Bremuseet;SN55820;01.2024;-6,1;196,3
Fjærland - Bremuseet;SN55820;02.2024;-1,2;201,4
Fjærland - Bremuseet;SN55820;03.2024;1,6;80,6
Fjærland - Bremuseet;SN55820;04.2024;4,5;121,9
Fjærland - Bremuseet;SN55820;05.2024;13,7;29,7
Fjærland - Bremuseet;SN55820;06.2024;13;73,2
Fjærland - Bremuseet;SN55820;07.2024;14,5;131,2
Fjærland - Bremuseet;SN55820;08.2024;12,9;311,1
Fjærland - Bremuseet;SN55820;09.2024;10,2;135
Fjærland - Bremuseet;SN55820;10.2024;6,5;321,7
Fjærland - Bremuseet;SN55820;11.2024;1,9;239,1
Fjærland - Bremuseet;SN55820;12.2024;0,3;346
Fjærland - Bremuseet;SN55820;01.2025;-2,9;173,6
Fjærland - Bremuseet;SN55820;02.2025;-2,2;135,7
Fjærland - Bremuseet;SN55820;03.2025;3,4;373
Fjærland - Bremuseet;SN55820;04.2025;7,2;85,1
Fjærland - Bremuseet;SN55820;05.2025;10;95,5
Fjærland - Bremuseet;SN55820;06.2025;12;151,2
Fjærland - Bremuseet;SN55820;07.2025;17,2;55,1
Fjærland - Bremuseet;SN55820;08.2025;13;201,8
Veitastrond;SN55670;01.2006;-;126
Veitastrond;SN55670;02.2006;-;68,3
Veitastrond;SN55670;03.2006;-;25,4
Veitastrond;SN55670;04.2006;-;90,7
Veitastrond;SN55670;05.2006;-;42,8
Veitastrond;SN55670;06.2006;-;56,8
Veitastrond;SN55670;07.2006;-;93,4
Veitastrond;SN55670;08.2006;-;63,5
Veitastrond;SN55670;09.2006;-;105
Veitastrond;SN55670;10.2006;-;143,7
Veitastrond;SN55670;11.2006;-;326
Veitastrond;SN55670;12.2006;-;396,6
Veitastrond;SN55670;01.2007;-;397,9
Veitastrond;SN55670;02.2007;-;77,4
Veitastrond;SN55670;03.2007;-;185,5
Veitastrond;SN55670;04.2007;-;104,9
Veitastrond;SN55670;05.2007;-;127,5
Veitastrond;SN55670;06.2007;-;21,4
Veitastrond;SN55670;07.2007;-;125,8
Veitastrond;SN55670;08.2007;-;144,6
Veitastrond;SN55670;09.2007;-;232,5
Veitastrond;SN55670;10.2007;-;217,9
Veitastrond;SN55670;11.2007;-;228,8
Veitastrond;SN55670;12.2007;-;185,4
Veitastrond;SN55670;01.2008;-;323,3
Veitastrond;SN55670;02.2008;-;308,4
Veitastrond;SN55670;03.2008;-;117,3
Veitastrond;SN55670;04.2008;-;74,3
Veitastrond;SN55670;05.2008;-;16,5
Veitastrond;SN55670;06.2008;-;86,7
Veitastrond;SN55670;07.2008;-;50,2
Veitastrond;SN55670;08.2008;-;67,8
Veitastrond;SN55670;09.2008;-;76,4
Veitastrond;SN55670;10.2008;-;364,1
Veitastrond;SN55670;11.2008;-;250,1
Veitastrond;SN55670;12.2008;-;148
Veitastrond;SN55670;01.2009;-;180,6
Veitastrond;SN55670;02.2009;-;94,6
Veitastrond;SN55670;03.2009;-;128,8
Veitastrond;SN55670;04.2009;-;80
Veitastrond;SN55670;05.2009;-;94,2
Veitastrond;SN55670;06.2009;-;37,2
Veitastrond;SN55670;07.2009;-;86
Veitastrond;SN55670;08.2009;-;159,3
Veitastrond;SN55670;09.2009;-;298
Veitastrond;SN55670;10.2009;-;80,5
Veitastrond;SN55670;11.2009;-;202,9
Veitastrond;SN55670;12.2009;-;47,7
Veitastrond;SN55670;01.2010;-;25,5
Veitastrond;SN55670;02.2010;-;11,1
Veitastrond;SN55670;03.2010;-;140,3
Veitastrond;SN55670;04.2010;-;120,3
Veitastrond;SN55670;05.2010;-;38,2
Veitastrond;SN55670;06.2010;-;52,1
Veitastrond;SN55670;07.2010;-;157
Veitastrond;SN55670;08.2010;-;98,2
Veitastrond;SN55670;09.2010;-;126,7
Veitastrond;SN55670;10.2010;-;283,6
Veitastrond;SN55670;11.2010;-;99,9
Veitastrond;SN55670;12.2010;-;58,4
Veitastrond;SN55670;01.2011;-;211,5
Veitastrond;SN55670;02.2011;-;211,6
Veitastrond;SN55670;03.2011;-;237,9
Veitastrond;SN55670;04.2011;-;135,1
Veitastrond;SN55670;05.2011;-;155,8
Veitastrond;SN55670;06.2011;-;232,2
Veitastrond;SN55670;07.2011;-;127,2
Veitastrond;SN55670;08.2011;-;162,2
Veitastrond;SN55670;09.2011;-;211,3
Veitastrond;SN55670;10.2011;-;319,7
Veitastrond;SN55670;11.2011;-;291,6
Veitastrond;SN55670;12.2011;-;372,2
Veitastrond;SN55670;01.2012;-;205,8
Veitastrond;SN55670;02.2012;-;233,6
Veitastrond;SN55670;03.2012;-;164,6
Veitastrond;SN55670;04.2012;-;75
Veitastrond;SN55670;05.2012;-;45,1
Veitastrond;SN55670;06.2012;-;32
Veitastrond;SN55670;07.2012;-;93
Veitastrond;SN55670;08.2012;-;112,9
Veitastrond;SN55670;09.2012;-;204,1
Veitastrond;SN55670;10.2012;-;136,9
Veitastrond;SN55670;11.2012;-;251,3
Veitastrond;SN55670;12.2012;-;118
Veitastrond;SN55670;01.2013;-;125,5
Veitastrond;SN55670;02.2013;-;53,5
Veitastrond;SN55670;03.2013;-;22,6
Veitastrond;SN55670;05.2013;-;156,3
Veitastrond;SN55670;06.2013;-;105,3
Veitastrond;SN55670;07.2013;-;89,4
Veitastrond;SN55670;08.2013;-;169,6
Veitastrond;SN55670;09.2013;-;100,2
Veitastrond;SN55670;10.2013;-;232,3
Veitastrond;SN55670;11.2013;-;223,8
Veitastrond;SN55670;12.2013;-;362,3
Veitastrond;SN55670;01.2014;-;71,8
Veitastrond;SN55670;02.2014;-;121,8
Veitastrond;SN55670;03.2014;-;211,5
Veitastrond;SN55670;04.2014;-;96,9
Veitastrond;SN55670;05.2014;-;70,1
Veitastrond;SN55670;06.2014;-;31,1
Veitastrond;SN55670;07.2014;-;101,3
Veitastrond;SN55670;08.2014;-;55,3
Veitastrond;SN55670;09.2014;-;122,9
Veitastrond;SN55670;10.2014;-;342,6
Veitastrond;SN55670;12.2014;-;375,9
Veitastrond;SN55670;01.2015;-;393,8
Veitastrond;SN55670;02.2015;-;113,6
Veitastrond;SN55670;03.2015;-;229,7
Veitastrond;SN55670;04.2015;-;90,5
Veitastrond;SN55670;05.2015;-;104,7
Veitastrond;SN55670;06.2015;-;75,2
Veitastrond;SN55670;07.2015;-;73,2
Veitastrond;SN55670;08.2015;-;112,4
Veitastrond;SN55670;09.2015;-;67,7
Veitastrond;SN55670;10.2015;-;96,2
Veitastrond;SN55670;11.2015;-;333,9
Veitastrond;SN55670;12.2015;-;487
Veitastrond;SN55670;01.2016;-;181,9
Veitastrond;SN55670;02.2016;-;143,8
Veitastrond;SN55670;03.2016;-;60,2
Veitastrond;SN55670;04.2016;-;56,4
Veitastrond;SN55670;05.2016;-;62,6
Veitastrond;SN55670;06.2016;-;51,7
Veitastrond;SN55670;07.2016;-;126,3
Veitastrond;SN55670;08.2016;-;150,7
Veitastrond;SN55670;09.2016;-;192,3
Veitastrond;SN55670;10.2016;-;126,8
Veitastrond;SN55670;11.2016;-;156,7
Veitastrond;SN55670;12.2016;-;382,1
Veitastrond;SN55670;01.2017;-;167,6
Veitastrond;SN55670;02.2017;-;111,4
Veitastrond;SN55670;03.2017;-;207,7
Veitastrond;SN55670;04.2017;-;126,6
Veitastrond;SN55670;05.2017;-;50
Veitastrond;SN55670;06.2017;-;78,2
Veitastrond;SN55670;07.2017;-;95,1
Veitastrond;SN55670;08.2017;-;110,5
Veitastrond;SN55670;09.2017;-;112,2
Veitastrond;SN55670;10.2017;-;272,5
Veitastrond;SN55670;11.2017;-;312,6
Veitastrond;SN55670;12.2017;-;260,6
Veitastrond;SN55670;01.2018;-;190,2
Veitastrond;SN55670;02.2018;-;60,5
Veitastrond;SN55670;03.2018;-;34,8
Veitastrond;SN55670;04.2018;-;74,6
Veitastrond;SN55670;05.2018;-;51,9
Veitastrond;SN55670;06.2018;-;94,3
Veitastrond;SN55670;07.2018;-;59
Veitastrond;SN55670;08.2018;-;218,2
Veitastrond;SN55670;09.2018;-;402,4
Veitastrond;SN55670;10.2018;-;364,5
Veitastrond;SN55670;11.2018;-;82,6
Veitastrond;SN55670;12.2018;-;91,5
Veitastrond;SN55670;01.2019;-;156,8
Veitastrond;SN55670;02.2019;-;106,6
Veitastrond;SN55670;03.2019;-;206,6
Veitastrond;SN55670;04.2019;-;9,7
Veitastrond;SN55670;05.2019;-;71,2
Veitastrond;SN55670;06.2019;-;124,3
Veitastrond;SN55670;07.2019;-;105
Veitastrond;SN55670;08.2019;-;193,1
Veitastrond;SN55670;09.2019;-;237,4
Veitastrond;SN55670;10.2019;-;94
Veitastrond;SN55670;11.2019;-;29,5
Veitastrond;SN55670;12.2019;-;302,4
Veitastrond;SN55670;01.2020;-;414,1
Veitastrond;SN55670;02.2020;-;316,6
Veitastrond;SN55670;03.2020;-;233,7
Veitastrond;SN55670;04.2020;-;116,7
Veitastrond;SN55670;05.2020;-;60,3
Veitastrond;SN55670;06.2020;-;50,7
Veitastrond;SN55670;07.2020;-;81,1
Veitastrond;SN55670;08.2020;-;120
Veitastrond;SN55670;09.2020;-;240
Veitastrond;SN55670;10.2020;-;109,5
Veitastrond;SN55670;11.2020;-;340,1
Veitastrond;SN55670;12.2020;-;134,7
Veitastrond;SN55670;01.2021;-;64,1
Veitastrond;SN55670;02.2021;-;96,2
Veitastrond;SN55670;03.2021;-;92,2
Veitastrond;SN55670;04.2021;-;83,2
Veitastrond;SN55670;05.2021;-;23,9
Veitastrond;SN55670;06.2021;-;65,4
Veitastrond;SN55670;07.2021;-;35,7
Veitastrond;SN55670;08.2021;-;35,2
Veitastrond;SN55670;09.2021;-;122
Veitastrond;SN55670;10.2021;-;368,5
Veitastrond;SN55670;11.2021;-;194,8
Veitastrond;SN55670;12.2021;-;133,6
Veitastrond;SN55670;01.2022;-;371,8
Veitastrond;SN55670;02.2022;-;347,1
Veitastrond;SN55670;03.2022;-;70,6
Veitastrond;SN55670;04.2022;-;20,7
Veitastrond;SN55670;05.2022;-;145,7
Veitastrond;SN55670;06.2022;-;81,5
Veitastrond;SN55670;07.2022;-;99
Veitastrond;SN55670;08.2022;-;127,2
Veitastrond;SN55670;09.2022;-;89,2
Veitastrond;SN55670;10.2022;-;264
Veitastrond;SN55670;11.2022;-;215,8
Veitastrond;SN55670;12.2022;-;141,9
Veitastrond;SN55670;01.2023;-;249,7
Veitastrond;SN55670;02.2023;-;220
Veitastrond;SN55670;03.2023;-;114
Veitastrond;SN55670;04.2023;-;38,4
Veitastrond;SN55670;05.2023;-;73,4
Veitastrond;SN55670;06.2023;-;28,4
Veitastrond;SN55670;07.2023;-;99,4
Veitastrond;SN55670;08.2023;-;134,1
Veitastrond;SN55670;09.2023;-;278,3
Veitastrond;SN55670;10.2023;-;216,2
Veitastrond;SN55670;11.2023;-;92,4
Veitastrond;SN55670;12.2023;-;202,8
Veitastrond;SN55670;01.2024;-;213,7
Veitastrond;SN55670;02.2024;-;216,7
Veitastrond;SN55670;03.2024;-;126,7
Veitastrond;SN55670;04.2024;-;116,2
Veitastrond;SN55670;05.2024;-;26,3
Veitastrond;SN55670;06.2024;-;74,7
Veitastrond;SN55670;07.2024;-;104,6
Veitastrond;SN55670;08.2024;-;291,1
Veitastrond;SN55670;09.2024;-;136
Veitastrond;SN55670;10.2024;-;307
Veitastrond;SN55670;11.2024;-;226,7
Veitastrond;SN55670;12.2024;-;355
Veitastrond;SN55670;01.2025;-;136,8
Veitastrond;SN55670;02.2025;-;127
Veitastrond;SN55670;03.2025;-;343,6
Veitastrond;SN55670;04.2025;-;85,5
Veitastrond;SN55670;05.2025;-;85,3
Veitastrond;SN55670;06.2025;-;126,2
Veitastrond;SN55670;07.2025;-;54,6
Veitastrond;SN55670;08.2025;-;173,6
Oldedalen;SN58480;01.2006;-;68,8
Oldedalen;SN58480;02.2006;-;94,8
Oldedalen;SN58480;03.2006;-;35,4
Oldedalen;SN58480;04.2006;-;46,4
Oldedalen;SN58480;05.2006;-;31,5
Oldedalen;SN58480;06.2006;-;59,3
Oldedalen;SN58480;07.2006;-;87
Oldedalen;SN58480;08.2006;-;34,4
Oldedalen;SN58480;09.2006;-;118,6
Oldedalen;SN58480;10.2006;-;84,8
Oldedalen;SN58480;11.2006;-;213,1
Oldedalen;SN58480;12.2006;-;307,9
Oldedalen;SN58480;01.2007;-;237
Oldedalen;SN58480;02.2007;-;93,8
Oldedalen;SN58480;03.2007;-;184,9
Oldedalen;SN58480;04.2007;-;93,3
Oldedalen;SN58480;05.2007;-;126,9
Oldedalen;SN58480;06.2007;-;36,7
Oldedalen;SN58480;07.2007;-;93,6
Oldedalen;SN58480;08.2007;-;134,5
Oldedalen;SN58480;09.2007;-;312,1
Oldedalen;SN58480;10.2007;-;170,9
Oldedalen;SN58480;11.2007;-;254,7
Oldedalen;SN58480;12.2007;-;173,9
Oldedalen;SN58480;01.2008;-;204,9
Oldedalen;SN58480;02.2008;-;229,4
Oldedalen;SN58480;03.2008;-;66,6
Oldedalen;SN58480;04.2008;-;42,6
Oldedalen;SN58480;05.2008;-;32,2
Oldedalen;SN58480;06.2008;-;80,8
Oldedalen;SN58480;07.2008;-;53
Oldedalen;SN58480;08.2008;-;49,2
Oldedalen;SN58480;09.2008;-;33,3
Oldedalen;SN58480;10.2008;-;320,1
Oldedalen;SN58480;11.2008;-;248,4
Oldedalen;SN58480;12.2008;-;131,4
Oldedalen;SN58480;01.2009;-;135,4
Oldedalen;SN58480;02.2009;-;67,2
Oldedalen;SN58480;03.2009;-;65,6
Oldedalen;SN58480;04.2009;-;20,2
Oldedalen;SN58480;05.2009;-;89,3
Oldedalen;SN58480;06.2009;-;40,7
Oldedalen;SN58480;07.2009;-;37,4
Oldedalen;SN58480;08.2009;-;159,9
Oldedalen;SN58480;09.2009;-;259,9
Oldedalen;SN58480;10.2009;-;79,6
Oldedalen;SN58480;11.2009;-;78,6
Oldedalen;SN58480;12.2009;-;12
Oldedalen;SN58480;01.2010;-;31,4
Oldedalen;SN58480;02.2010;-;9,2
Oldedalen;SN58480;03.2010;-;117,7
Oldedalen;SN58480;04.2010;-;72,8
Oldedalen;SN58480;05.2010;-;51,8
Oldedalen;SN58480;06.2010;-;89,5
Oldedalen;SN58480;07.2010;-;128,6
Oldedalen;SN58480;08.2010;-;50,2
Oldedalen;SN58480;09.2010;-;114
Oldedalen;SN58480;10.2010;-;120,1
Oldedalen;SN58480;11.2010;-;70,4
Oldedalen;SN58480;12.2010;-;62,6
Oldedalen;SN58480;01.2011;-;170,7
Oldedalen;SN58480;02.2011;-;144,4
Oldedalen;SN58480;03.2011;-;175,1
Oldedalen;SN58480;04.2011;-;118,2
Oldedalen;SN58480;05.2011;-;123,9
Oldedalen;SN58480;06.2011;-;165,9
Oldedalen;SN58480;07.2011;-;92,7
Oldedalen;SN58480;08.2011;-;102,9
Oldedalen;SN58480;09.2011;-;173,7
Oldedalen;SN58480;10.2011;-;351,5
Oldedalen;SN58480;11.2011;-;219,8
Oldedalen;SN58480;12.2011;-;293,6
Oldedalen;SN58480;01.2012;-;147,2
Oldedalen;SN58480;02.2012;-;203
Oldedalen;SN58480;03.2012;-;223,2
Oldedalen;SN58480;04.2012;-;57,5
Oldedalen;SN58480;05.2012;-;26,8
Oldedalen;SN58480;06.2012;-;36,6
Oldedalen;SN58480;07.2012;-;97,1
Oldedalen;SN58480;08.2012;-;54,4
Oldedalen;SN58480;09.2012;-;220,1
Oldedalen;SN58480;10.2012;-;103,3
Oldedalen;SN58480;11.2012;-;129,4
Oldedalen;SN58480;12.2012;-;33,3
Oldedalen;SN58480;01.2013;-;46,8
Oldedalen;SN58480;02.2013;-;39
Oldedalen;SN58480;03.2013;-;24,4
Oldedalen;SN58480;04.2013;-;107,9
Oldedalen;SN58480;05.2013;-;104,3
Oldedalen;SN58480;06.2013;-;98,1
Oldedalen;SN58480;08.2013;-;98,3
Oldedalen;SN58480;09.2013;-;73,6
Oldedalen;SN58480;10.2013;-;160,5
Oldedalen;SN58480;11.2013;-;259,2
Oldedalen;SN58480;12.2013;-;271,6
Oldedalen;SN58480;01.2014;-;11,8
Oldedalen;SN58480;02.2014;-;31,1
Oldedalen;SN58480;03.2014;-;192,7
Oldedalen;SN58480;04.2014;-;80,4
Oldedalen;SN58480;05.2014;-;31,2
Oldedalen;SN58480;06.2014;-;70,6
Oldedalen;SN58480;07.2014;-;46,6
Oldedalen;SN58480;08.2014;-;73,3
Oldedalen;SN58480;09.2014;-;126,1
Oldedalen;SN58480;10.2014;-;286,5
Oldedalen;SN58480;11.2014;-;41
Oldedalen;SN58480;12.2014;-;279,3
Oldedalen;SN58480;02.2015;-;147,2
Oldedalen;SN58480;03.2015;-;212
Oldedalen;SN58480;05.2015;-;92,8
Oldedalen;SN58480;06.2015;-;79,3
Oldedalen;SN58480;07.2015;-;72,6
Oldedalen;SN58480;08.2015;-;51,3
Oldedalen;SN58480;09.2015;-;50,1
Oldedalen;SN58480;10.2015;-;91
Oldedalen;SN58480;11.2015;-;249,2
Oldedalen;SN58480;12.2015;-;433,5
Oldedalen;SN58480;01.2016;-;132,6
Oldedalen;SN58480;02.2016;-;147,8
Oldedalen;SN58480;03.2016;-;40,5
Oldedalen;SN58480;04.2016;-;33,2
Oldedalen;SN58480;05.2016;-;28,2
Oldedalen;SN58480;06.2016;-;26,7
Oldedalen;SN58480;07.2016;-;77
Oldedalen;SN58480;08.2016;-;191,9
Oldedalen;SN58480;09.2016;-;169,4
Oldedalen;SN58480;10.2016;-;140,7
Oldedalen;SN58480;11.2016;-;165,3
Oldedalen;SN58480;12.2016;-;397,3
Oldedalen;SN58480;01.2017;-;150,3
Oldedalen;SN58480;02.2017;-;64,5
Oldedalen;SN58480;03.2017;-;133,7
Oldedalen;SN58480;04.2017;-;147,7
Oldedalen;SN58480;05.2017;-;57,8
Oldedalen;SN58480;06.2017;-;71
Oldedalen;SN58480;07.2017;-;141,9
Oldedalen;SN58480;08.2017;-;61,1
Oldedalen;SN58480;09.2017;-;38,3
Oldedalen;SN58480;10.2017;-;260,2
Oldedalen;SN58480;11.2017;-;244,1
Oldedalen;SN58480;12.2017;-;264,2
Oldedalen;SN58480;01.2018;-;68,4
Oldedalen;SN58480;02.2018;-;9,3
Oldedalen;SN58480;03.2018;-;37,6
Oldedalen;SN58480;04.2018;-;46,7
Oldedalen;SN58480;05.2018;-;26,2
Oldedalen;SN58480;06.2018;-;143,6
Oldedalen;SN58480;07.2018;-;42,4
Oldedalen;SN58480;08.2018;-;208,6
Oldedalen;SN58480;09.2018;-;420,9
Oldedalen;SN58480;10.2018;-;376
Oldedalen;SN58480;11.2018;-;16,5
Oldedalen;SN58480;12.2018;-;101,8
Oldedalen;SN58480;01.2019;-;187,3
Oldedalen;SN58480;02.2019;-;89,5
Oldedalen;SN58480;03.2019;-;175
Oldedalen;SN58480;04.2019;-;7,1
Oldedalen;SN58480;05.2019;-;86,2
Oldedalen;SN58480;06.2019;-;87,3
Oldedalen;SN58480;07.2019;-;89,2
Oldedalen;SN58480;08.2019;-;150,5
Oldedalen;SN58480;09.2019;-;269,3
Oldedalen;SN58480;10.2019;-;106,3
Oldedalen;SN58480;11.2019;-;21,1
Oldedalen;SN58480;12.2019;-;241,2
Oldedalen;SN58480;01.2020;-;382,5
Oldedalen;SN58480;02.2020;-;285,1
Oldedalen;SN58480;03.2020;-;219,3
Oldedalen;SN58480;04.2020;-;139,1
Oldedalen;SN58480;05.2020;-;47,3
Oldedalen;SN58480;06.2020;-;11,9
Oldedalen;SN58480;07.2020;-;84,5
Oldedalen;SN58480;08.2020;-;132,8
Oldedalen;SN58480;09.2020;-;217,7
Oldedalen;SN58480;10.2020;-;53,3
Oldedalen;SN58480;11.2020;-;337,4
Oldedalen;SN58480;12.2020;-;31,4
Oldedalen;SN58480;01.2021;-;42
Oldedalen;SN58480;02.2021;-;78
Oldedalen;SN58480;03.2021;-;86,9
Oldedalen;SN58480;04.2021;-;151
Oldedalen;SN58480;05.2021;-;22,7
Oldedalen;SN58480;06.2021;-;81,7
Oldedalen;SN58480;07.2021;-;21,7
Oldedalen;SN58480;08.2021;-;38,3
Oldedalen;SN58480;09.2021;-;137,6
Oldedalen;SN58480;10.2021;-;381,6
Oldedalen;SN58480;11.2021;-;179,6
Oldedalen;SN58480;12.2021;-;99,3
Oldedalen;SN58480;01.2022;-;395,5
Oldedalen;SN58480;02.2022;-;202,5
Oldedalen;SN58480;03.2022;-;75,1
Oldedalen;SN58480;04.2022;-;61,8
Oldedalen;SN58480;05.2022;-;89,7
Oldedalen;SN58480;06.2022;-;88,2
Oldedalen;SN58480;07.2022;-;97,8
Oldedalen;SN58480;08.2022;-;148
Oldedalen;SN58480;09.2022;-;85,5
Oldedalen;SN58480;10.2022;-;224,6
Oldedalen;SN58480;11.2022;-;125,5
Oldedalen;SN58480;12.2022;-;56,4
Oldedalen;SN58480;01.2023;-;185,3
Oldedalen;SN58480;02.2023;-;180,8
Oldedalen;SN58480;03.2023;-;66,7
Oldedalen;SN58480;04.2023;-;29,5
Oldedalen;SN58480;05.2023;-;59,6
Oldedalen;SN58480;06.2023;-;40,6
Oldedalen;SN58480;07.2023;-;102,4
Oldedalen;SN58480;08.2023;-;134,1
Oldedalen;SN58480;09.2023;-;204,4
Oldedalen;SN58480;10.2023;-;230,6
Oldedalen;SN58480;11.2023;-;75,2
Oldedalen;SN58480;12.2023;-;179
Oldedalen;SN58480;01.2024;-;171
Oldedalen;SN58480;02.2024;-;127,4
Oldedalen;SN58480;03.2024;-;37,8
Oldedalen;SN58480;04.2024;-;80,4
Oldedalen;SN58480;05.2024;-;22,1
Oldedalen;SN58480;06.2024;-;84,2
Oldedalen;SN58480;07.2024;-;73,2
Oldedalen;SN58480;08.2024;-;227,4
Oldedalen;SN58480;09.2024;-;127,6
Oldedalen;SN58480;10.2024;-;260,5
Oldedalen;SN58480;11.2024;-;251,4
Oldedalen;SN58480;12.2024;-;268,1
Oldedalen;SN58480;01.2025;-;126,7
Oldedalen;SN58480;02.2025;-;29,5
Oldedalen;SN58480;03.2025;-;315
Oldedalen;SN58480;04.2025;-;64,1
Oldedalen;SN58480;05.2025;-;89,9
Oldedalen;SN58480;06.2025;-;153,7
Oldedalen;SN58480;07.2025;-;25,2
Oldedalen;SN58480;08.2025;-;201
Skei I Jølster;SN57390;01.2006;-;67
Skei I Jølster;SN57390;02.2006;-;111,7
Skei I Jølster;SN57390;03.2006;-;43,8
Skei I Jølster;SN57390;04.2006;-;92
Skei I Jølster;SN57390;05.2006;-;60,6
Skei I Jølster;SN57390;06.2006;-;78,5
Skei I Jølster;SN57390;07.2006;-;121
Skei I Jølster;SN57390;08.2006;-;39,8
Skei I Jølster;SN57390;09.2006;-;151,2
Skei I Jølster;SN57390;10.2006;-;144
Skei I Jølster;SN57390;11.2006;-;330,3
Skei I Jølster;SN57390;12.2006;-;370,6
Skei I Jølster;SN57390;01.2007;-;364
Skei I Jølster;SN57390;02.2007;-;123,5
Skei I Jølster;SN57390;03.2007;-;256,4
Skei I Jølster;SN57390;04.2007;-;130,4
Skei I Jølster;SN57390;05.2007;-;169,8
Skei I Jølster;SN57390;06.2007;-;27,3
Skei I Jølster;SN57390;07.2007;-;124,2
Skei I Jølster;SN57390;08.2007;-;183,7
Skei I Jølster;SN57390;09.2007;-;322,3
Skei I Jølster;SN57390;10.2007;-;207,3
Skei I Jølster;SN57390;11.2007;-;304,2
Skei I Jølster;SN57390;12.2007;-;141,2
Skei I Jølster;SN57390;01.2008;-;261,6
Skei I Jølster;SN57390;02.2008;-;319
Skei I Jølster;SN57390;03.2008;-;94,8
Skei I Jølster;SN57390;04.2008;-;39
Skei I Jølster;SN57390;05.2008;-;30,8
Skei I Jølster;SN57390;06.2008;-;98,6
Skei I Jølster;SN57390;07.2008;-;90,3
Skei I Jølster;SN57390;08.2008;-;77,4
Skei I Jølster;SN57390;09.2008;-;73,9
Skei I Jølster;SN57390;10.2008;-;380,5
Skei I Jølster;SN57390;11.2008;-;256,4
Skei I Jølster;SN57390;12.2008;-;131,8
Skei I Jølster;SN57390;01.2009;-;147,9
Skei I Jølster;SN57390;02.2009;-;131,4
Skei I Jølster;SN57390;03.2009;-;114,6
Skei I Jølster;SN57390;04.2009;-;77,3
Skei I Jølster;SN57390;05.2009;-;165,3
Skei I Jølster;SN57390;06.2009;-;33,6
Skei I Jølster;SN57390;07.2009;-;86,2
Skei I Jølster;SN57390;08.2009;-;223,1
Skei I Jølster;SN57390;09.2009;-;363,4
Skei I Jølster;SN57390;10.2009;-;98,7
Skei I Jølster;SN57390;11.2009;-;103,6
Skei I Jølster;SN57390;12.2009;-;29,6
Skei I Jølster;SN57390;01.2010;-;52,1
Skei I Jølster;SN57390;02.2010;-;9,6
Skei I Jølster;SN57390;03.2010;-;198,7
Skei I Jølster;SN57390;04.2010;-;151,8
Skei I Jølster;SN57390;05.2010;-;65,7
Skei I Jølster;SN57390;06.2010;-;117,7
Skei I Jølster;SN57390;07.2010;-;157,1
Skei I Jølster;SN57390;08.2010;-;97
Skei I Jølster;SN57390;09.2010;-;149,4
Skei I Jølster;SN57390;10.2010;-;147,1
Skei I Jølster;SN57390;11.2010;-;138,9
Skei I Jølster;SN57390;12.2010;-;103,9
Skei I Jølster;SN57390;01.2011;-;246,1
Skei I Jølster;SN57390;02.2011;-;178,6
Skei I Jølster;SN57390;03.2011;-;348,7
Skei I Jølster;SN57390;04.2011;-;170,1
Skei I Jølster;SN57390;05.2011;-;136,9
Skei I Jølster;SN57390;06.2011;-;191,6
Skei I Jølster;SN57390;07.2011;-;152,6
Skei I Jølster;SN57390;08.2011;-;145,8
Skei I Jølster;SN57390;09.2011;-;250,1
Skei I Jølster;SN57390;10.2011;-;349,7
Skei I Jølster;SN57390;11.2011;-;255
Skei I Jølster;SN57390;12.2011;-;308,8
Skei I Jølster;SN57390;01.2012;-;185
Skei I Jølster;SN57390;02.2012;-;297,9
Skei I Jølster;SN57390;03.2012;-;294,4
Skei I Jølster;SN57390;04.2012;-;48,3
Skei I Jølster;SN57390;05.2012;-;69,6
Skei I Jølster;SN57390;06.2012;-;34
Skei I Jølster;SN57390;07.2012;-;106,9
Skei I Jølster;SN57390;08.2012;-;127,3
Skei I Jølster;SN57390;09.2012;-;299,9
Skei I Jølster;SN57390;10.2012;-;126,2
Skei I Jølster;SN57390;11.2012;-;156,1
Skei I Jølster;SN57390;12.2012;-;66
Skei I Jølster;SN57390;01.2013;-;109,5
Skei I Jølster;SN57390;02.2013;-;83,1
Skei I Jølster;SN57390;03.2013;-;66,7
Skei I Jølster;SN57390;04.2013;-;160,2
Skei I Jølster;SN57390;05.2013;-;118,2
Skei I Jølster;SN57390;06.2013;-;136
Skei I Jølster;SN57390;07.2013;-;142,2
Skei I Jølster;SN57390;08.2013;-;117,5
Skei I Jølster;SN57390;09.2013;-;96,2
Skei I Jølster;SN57390;10.2013;-;228,7
Skei I Jølster;SN57390;11.2013;-;292,7
Skei I Jølster;SN57390;12.2013;-;318,1
Skei I Jølster;SN57390;01.2014;-;27,4
Skei I Jølster;SN57390;02.2014;-;83,2
Skei I Jølster;SN57390;03.2014;-;233,8
Skei I Jølster;SN57390;04.2014;-;95,3
Skei I Jølster;SN57390;05.2014;-;63,8
Skei I Jølster;SN57390;06.2014;-;81,5
Skei I Jølster;SN57390;07.2014;-;98
Skei I Jølster;SN57390;08.2014;-;89,9
Skei I Jølster;SN57390;09.2014;-;130,8
Skei I Jølster;SN57390;10.2014;-;249,1
Skei I Jølster;SN57390;11.2014;-;61,6
Skei I Jølster;SN57390;12.2014;-;409,3
Skei I Jølster;SN57390;01.2015;-;326,6
Skei I Jølster;SN57390;02.2015;-;193,5
Skei I Jølster;SN57390;03.2015;-;234,8
Skei I Jølster;SN57390;04.2015;-;161,7
Skei I Jølster;SN57390;05.2015;-;117,5
Skei I Jølster;SN57390;06.2015;-;122,1
Skei I Jølster;SN57390;07.2015;-;101,3
Skei I Jølster;SN57390;08.2015;-;69,8
Skei I Jølster;SN57390;09.2015;-;71,3
Skei I Jølster;SN57390;10.2015;-;118,5
Skei I Jølster;SN57390;11.2015;-;353,9
Skei I Jølster;SN57390;12.2015;-;393,5
Skei I Jølster;SN57390;01.2016;-;149,8
Skei I Jølster;SN57390;02.2016;-;162,6
Skei I Jølster;SN57390;03.2016;-;61,2
Skei I Jølster;SN57390;04.2016;-;75,9
Skei I Jølster;SN57390;05.2016;-;30,1
Skei I Jølster;SN57390;06.2016;-;33,2
Skei I Jølster;SN57390;07.2016;-;136,7
Skei I Jølster;SN57390;08.2016;-;232,8
Skei I Jølster;SN57390;09.2016;-;218,8
Skei I Jølster;SN57390;10.2016;-;122,9
Skei I Jølster;SN57390;11.2016;-;198,9
Skei I Jølster;SN57390;12.2016;-;441,9
Skei I Jølster;SN57390;01.2017;-;267,1
Skei I Jølster;SN57390;02.2017;-;105
Skei I Jølster;SN57390;03.2017;-;159,9
Skei I Jølster;SN57390;04.2017;-;195,1
Skei I Jølster;SN57390;05.2017;-;82,5
Skei I Jølster;SN57390;06.2017;-;108,1
Skei I Jølster;SN57390;07.2017;-;195,3
Skei I Jølster;SN57390;08.2017;-;128,3
Skei I Jølster;SN57390;09.2017;-;75,7
Skei I Jølster;SN57390;10.2017;-;312,2
Skei I Jølster;SN57390;11.2017;-;337,3
Skei I Jølster;SN57390;12.2017;-;362,2
Skei I Jølster;SN57390;01.2018;-;138,6
Skei I Jølster;SN57390;02.2018;-;27,5
Skei I Jølster;SN57390;03.2018;-;57,5
Skei I Jølster;SN57390;04.2018;-;74,9
Skei I Jølster;SN57390;05.2018;-;37,8
Skei I Jølster;SN57390;06.2018;-;101,3
Skei I Jølster;SN57390;07.2018;-;48,2
Skei I Jølster;SN57390;08.2018;-;264,8
Skei I Jølster;SN57390;09.2018;-;508,4
Skei I Jølster;SN57390;10.2018;-;376,4
Skei I Jølster;SN57390;11.2018;-;21,2
Skei I Jølster;SN57390;12.2018;-;139,2
Skei I Jølster;SN57390;01.2019;-;225
Skei I Jølster;SN57390;02.2019;-;124
Skei I Jølster;SN57390;03.2019;-;210,1
Skei I Jølster;SN57390;04.2019;-;9,7
Skei I Jølster;SN57390;05.2019;-;105
Skei I Jølster;SN57390;06.2019;-;150,4
Skei I Jølster;SN57390;07.2019;-;135,2
Skei I Jølster;SN57390;08.2019;-;176
Skei I Jølster;SN57390;09.2019;-;282,1
Skei I Jølster;SN57390;10.2019;-;142,3
Skei I Jølster;SN57390;11.2019;-;16,2
Skei I Jølster;SN57390;12.2019;-;263,9
Skei I Jølster;SN57390;01.2020;-;441,2
Skei I Jølster;SN57390;02.2020;-;335,5
Skei I Jølster;SN57390;03.2020;-;225,4
Skei I Jølster;SN57390;04.2020;-;199,3
Skei I Jølster;SN57390;05.2020;-;123,5
Skei I Jølster;SN57390;06.2020;-;7,2
Skei I Jølster;SN57390;07.2020;-;125,7
Skei I Jølster;SN57390;08.2020;-;177
Skei I Jølster;SN57390;09.2020;-;324,4
Skei I Jølster;SN57390;10.2020;-;68,2
Skei I Jølster;SN57390;11.2020;-;350,9
Skei I Jølster;SN57390;12.2020;-;44,4
Skei I Jølster;SN57390;01.2021;-;58,1
Skei I Jølster;SN57390;02.2021;-;75,2
Skei I Jølster;SN57390;03.2021;-;133,4
Skei I Jølster;SN57390;04.2021;-;120,4
Skei I Jølster;SN57390;05.2021;-;13,1
Skei I Jølster;SN57390;06.2021;-;111,9
Skei I Jølster;SN57390;07.2021;-;31,1
Skei I Jølster;SN57390;08.2021;-;51,8
Skei I Jølster;SN57390;09.2021;-;149,5
Skei I Jølster;SN57390;10.2021;-;391,8
Skei I Jølster;SN57390;11.2021;-;231,5
Skei I Jølster;SN57390;12.2021;-;149,7
Skei I Jølster;SN57390;01.2022;-;458,5
Skei I Jølster;SN57390;02.2022;-;257,5
Skei I Jølster;SN57390;03.2022;-;87
Skei I Jølster;SN57390;04.2022;-;62,5
Skei I Jølster;SN57390;05.2022;-;124,2
Skei I Jølster;SN57390;06.2022;-;118,2
Skei I Jølster;SN57390;07.2022;-;157,8
Skei I Jølster;SN57390;08.2022;-;205,6
Skei I Jølster;SN57390;09.2022;-;96
Skei I Jølster;SN57390;10.2022;-;237,4
Skei I Jølster;SN57390;11.2022;-;141,4
Skei I Jølster;SN57390;12.2022;-;113,8
Skei I Jølster;SN57390;01.2023;-;247
Skei I Jølster;SN57390;02.2023;-;224,8
Skei I Jølster;SN57390;03.2023;-;84,4
Skei I Jølster;SN57390;04.2023;-;25,5
Skei I Jølster;SN57390;05.2023;-;80,3
Skei I Jølster;SN57390;06.2023;-;43,5
Skei I Jølster;SN57390;07.2023;-;171,5
Skei I Jølster;SN57390;08.2023;-;129,7
Skei I Jølster;SN57390;09.2023;-;288,7
Skei I Jølster;SN57390;10.2023;-;300
Skei I Jølster;SN57390;11.2023;-;75,7
Skei I Jølster;SN57390;12.2023;-;218,1
Skei I Jølster;SN57390;01.2024;-;192,8
Skei I Jølster;SN57390;02.2024;-;189,1
Skei I Jølster;SN57390;03.2024;-;44,5
Skei I Jølster;SN57390;04.2024;-;81,5
Skei I Jølster;SN57390;05.2024;-;38,4
Skei I Jølster;SN57390;06.2024;-;102,9
Skei I Jølster;SN57390;07.2024;-;130,7
Skei I Jølster;SN57390;08.2024;-;259,5
Skei I Jølster;SN57390;09.2024;-;120,1
Skei I Jølster;SN57390;10.2024;-;287,4
Skei I Jølster;SN57390;11.2024;-;244,2
Skei I Jølster;SN57390;12.2024;-;327,6
Skei I Jølster;SN57390;01.2025;-;219,4
Skei I Jølster;SN57390;02.2025;-;68,3
Skei I Jølster;SN57390;03.2025;-;432,8
Skei I Jølster;SN57390;04.2025;-;106
Skei I Jølster;SN57390;05.2025;-;111
Skei I Jølster;SN57390;06.2025;-;177,2
Skei I Jølster;SN57390;07.2025;-;55,8
Skei I Jølster;SN57390;08.2025;-;212,6
Data er gyldig per 25.08.2025 (CC BY 4.0), Meteorologisk institutt (MET);;;;